allele	ASC_Cluster_0.05	ASC_Family_0.25
IGHV1-18*01	30	5
IGHV1-18*03	30	5
IGHV1-18*04	30	5
IGHV1-2*01	29	5
IGHV1-2*02	29	5
IGHV1-2*03	29	5
IGHV1-2*04	29	5
IGHV1-2*05	29	5
IGHV1-2*06	29	5
IGHV1-2*07	29	5
IGHV1-24*01	22	5
IGHV1-3*01	31	5
IGHV1-3*02	31	5
IGHV1-3*03	31	5
IGHV1-3*04	31	5
IGHV1-3*05	31	5
IGHV1-45*01	25	5
IGHV1-45*02	25	5
IGHV1-45*03	25	5
IGHV1-46*01	28	5
IGHV1-46*02	28	5
IGHV1-46*03	28	5
IGHV1-46*04	28	5
IGHV1-58*01	24	5
IGHV1-58*02	24	5
IGHV1-58*03	24	5
IGHV1-69*01	26	5
IGHV1-69*01_C26T	26	5
IGHV1-69*02	26	5
IGHV1-69*04	26	5
IGHV1-69*04_T191C	26	5
IGHV1-69*05	26	5
IGHV1-69*06	26	5
IGHV1-69*06_G240A	26	5
IGHV1-69*08	26	5
IGHV1-69*09	26	5
IGHV1-69*10	26	5
IGHV1-69*10_A54G	26	5
IGHV1-69*11	26	5
IGHV1-69*12	26	5
IGHV1-69*13	26	5
IGHV1-69*14	26	5
IGHV1-69*15	26	5
IGHV1-69*16	26	5
IGHV1-69*17	26	5
IGHV1-69*18	26	5
IGHV1-69*19	26	5
IGHV1-69*20	26	5
IGHV1-69-2*01	23	5
IGHV1-69D*01	26	5
IGHV1-8*01	27	5
IGHV1-8*02	27	5
IGHV1-8*03	27	5
IGHV2-26*01	32	6
IGHV2-26*02	32	6
IGHV2-26*03	32	6
IGHV2-26*04	32	6
IGHV2-5*01	33	6
IGHV2-5*02	33	6
IGHV2-5*05	33	6
IGHV2-5*06	33	6
IGHV2-5*08	33	6
IGHV2-5*09	33	6
IGHV2-70*01	34	6
IGHV2-70*04	34	6
IGHV2-70*04_A14G	34	6
IGHV2-70*10	34	6
IGHV2-70*11	34	6
IGHV2-70*12	34	6
IGHV2-70*13	34	6
IGHV2-70*15	34	6
IGHV2-70*16	34	6
IGHV2-70*17	34	6
IGHV2-70*18	34	6
IGHV2-70*19	34	6
IGHV2-70*20	34	6
IGHV2-70D*04	34	6
IGHV2-70D*14	34	6
IGHV3-11*01	10	2
IGHV3-11*03	10	2
IGHV3-11*04	10	2
IGHV3-11*05	10	2
IGHV3-11*06	10	2
IGHV3-13*01	8	2
IGHV3-13*01_G290A_T300C	8	2
IGHV3-13*02	8	2
IGHV3-13*03	8	2
IGHV3-13*04	8	2
IGHV3-13*05	8	2
IGHV3-15*01	4	1
IGHV3-15*01_A313T	4	1
IGHV3-15*02	4	1
IGHV3-15*03	4	1
IGHV3-15*04	4	1
IGHV3-15*05	4	1
IGHV3-15*06	4	1
IGHV3-15*07	4	1
IGHV3-15*08	4	1
IGHV3-20*01	6	2
IGHV3-20*04	6	2
IGHV3-21*01	11	2
IGHV3-21*02	11	2
IGHV3-21*03	11	2
IGHV3-21*04	11	2
IGHV3-21*05	11	2
IGHV3-21*06	11	2
IGHV3-21*07	11	2
IGHV3-23*01	18	2
IGHV3-23*01_G239T	18	2
IGHV3-23*02	18	2
IGHV3-23*03	18	2
IGHV3-23*04	18	2
IGHV3-23*05	18	2
IGHV3-23D*01	18	2
IGHV3-30*01	14	2
IGHV3-30*02	14	2
IGHV3-30*02_A275G	14	2
IGHV3-30*02_G49A	14	2
IGHV3-30*03	14	2
IGHV3-30*04	14	2
IGHV3-30*04_C201T_G317A	14	2
IGHV3-30*05	14	2
IGHV3-30*06	14	2
IGHV3-30*07	14	2
IGHV3-30*08	14	2
IGHV3-30*09	14	2
IGHV3-30*10	14	2
IGHV3-30*11	14	2
IGHV3-30*12	14	2
IGHV3-30*13	14	2
IGHV3-30*14	14	2
IGHV3-30*15	14	2
IGHV3-30*16	14	2
IGHV3-30*17	14	2
IGHV3-30*18	14	2
IGHV3-30*19	14	2
IGHV3-30*20	14	2
IGHV3-30-3*01	14	2
IGHV3-30-3*02	14	2
IGHV3-30-3*03	14	2
IGHV3-30-5*01	14	2
IGHV3-30-5*02	14	2
IGHV3-33*01	14	2
IGHV3-33*02	14	2
IGHV3-33*03	14	2
IGHV3-33*04	14	2
IGHV3-33*05	14	2
IGHV3-33*06	14	2
IGHV3-33*07	14	2
IGHV3-33*08	14	2
IGHV3-35*02	13	2
IGHV3-43*01	5	2
IGHV3-43*02	5	2
IGHV3-43D*03	5	2
IGHV3-43D*04	5	2
IGHV3-43D*04_G4A	5	2
IGHV3-48*01	12	2
IGHV3-48*02	12	2
IGHV3-48*03	12	2
IGHV3-48*04	12	2
IGHV3-49*01	3	1
IGHV3-49*02	3	1
IGHV3-49*03	3	1
IGHV3-49*04	3	1
IGHV3-49*05	3	1
IGHV3-53*01	17	2
IGHV3-53*02	17	2
IGHV3-53*02_C259T	17	2
IGHV3-53*03	17	2
IGHV3-53*04	17	2
IGHV3-53*05	17	2
IGHV3-64*01	15	2
IGHV3-64*02	15	2
IGHV3-64*03	15	2
IGHV3-64*04	15	2
IGHV3-64*05	15	2
IGHV3-64*07	15	2
IGHV3-64D*06	15	2
IGHV3-64D*08	15	2
IGHV3-64D*09	15	2
IGHV3-66*01	17	2
IGHV3-66*02	17	2
IGHV3-66*02_G303A	17	2
IGHV3-66*03	17	2
IGHV3-66*04	17	2
IGHV3-7*01	9	2
IGHV3-7*02	9	2
IGHV3-7*03	9	2
IGHV3-7*04	9	2
IGHV3-7*05	9	2
IGHV3-72*01	1	1
IGHV3-73*01	2	1
IGHV3-73*02	2	1
IGHV3-74*01	16	2
IGHV3-74*02	16	2
IGHV3-74*03	16	2
IGHV3-9*01	7	2
IGHV3-9*02	7	2
IGHV3-9*03	7	2
IGHV3-9*04	7	2
IGHV4-28*01	41	8
IGHV4-28*02	41	8
IGHV4-28*03	41	8
IGHV4-28*04	41	8
IGHV4-28*05	41	8
IGHV4-28*06	41	8
IGHV4-28*07	41	8
IGHV4-30-2*01	42	8
IGHV4-30-2*01_C285T	42	8
IGHV4-30-2*01_G70A	42	8
IGHV4-30-2*03	42	8
IGHV4-30-2*05	42	8
IGHV4-30-2*06	42	8
IGHV4-30-4*01	43	8
IGHV4-30-4*01_A70G_A107G	43	8
IGHV4-30-4*02	43	8
IGHV4-30-4*07	42	8
IGHV4-30-4*08	43	8
IGHV4-31*01	44	8
IGHV4-31*02	44	8
IGHV4-31*03	44	8
IGHV4-31*10	44	8
IGHV4-31*11	44	8
IGHV4-31*11_G4C_G21C_C25T_A113C	44	8
IGHV4-34*01	39	8
IGHV4-34*02	39	8
IGHV4-34*04	39	8
IGHV4-34*05	39	8
IGHV4-34*09	38	8
IGHV4-34*10	38	8
IGHV4-34*11	39	8
IGHV4-34*12	39	8
IGHV4-38-2*01	45	8
IGHV4-38-2*02	45	8
IGHV4-38-2*02_G246A	45	8
IGHV4-39*01	45	8
IGHV4-39*01_A200C	45	8
IGHV4-39*01_G315A	45	8
IGHV4-39*02	45	8
IGHV4-39*06	45	8
IGHV4-39*07	45	8
IGHV4-39*08	45	8
IGHV4-39*09	45	8
IGHV4-4*01	40	8
IGHV4-4*02	40	8
IGHV4-4*03	40	8
IGHV4-4*07	37	8
IGHV4-4*07_A70G	37	8
IGHV4-4*08	36	8
IGHV4-4*09	36	8
IGHV4-4*10	40	8
IGHV4-59*01	36	8
IGHV4-59*01_G267A	36	8
IGHV4-59*02	36	8
IGHV4-59*07	36	8
IGHV4-59*08	36	8
IGHV4-59*10	37	8
IGHV4-59*11	36	8
IGHV4-59*12	36	8
IGHV4-59*13	36	8
IGHV4-61*01	46	8
IGHV4-61*01_A41G	46	8
IGHV4-61*02	46	8
IGHV4-61*03	46	8
IGHV4-61*05	46	8
IGHV4-61*08	46	8
IGHV4-61*09	46	8
IGHV4-61*10	46	8
IGHV4-61*11	46	8
IGHV5-10-1*01	19	3
IGHV5-10-1*02	19	3
IGHV5-10-1*03	19	3
IGHV5-10-1*04	19	3
IGHV5-51*01	20	3
IGHV5-51*02	20	3
IGHV5-51*03	20	3
IGHV5-51*04	20	3
IGHV5-51*06	20	3
IGHV5-51*07	20	3
IGHV6-1*01	35	7
IGHV6-1*01_T91C	35	7
IGHV6-1*02	35	7
IGHV7-4-1*01	21	4
IGHV7-4-1*02	21	4
IGHV7-4-1*04	21	4
IGHV7-4-1*05	21	4
